StageID,Stage,ActivityID,Activity,SubActivityID,SubActivity,DetailsID,Details,Owner
1,Execution,1,Audit/Verification Assessment,1,Availing of actors,23,Audit strategy and district evaluation and audit approach,CET
1,Execution,1,Audit/Verification Assessment,1,Availing of actors,59,Farmer and PC personal inspection,PQ
1,Execution,1,Audit/Verification Assessment,1,Availing of actors,99,Passbook inspection,PQ
1,Execution,1,Audit/Verification Assessment,1,Availing of actors,101,Preparation of district teams for audit,CET
1,Execution,1,Audit/Verification Assessment,2,Availing of all documents,43,Document alignment,CET
1,Execution,1,Audit/Verification Assessment,2,Availing of all documents,63,Farmer interview and premium payment verification,PQ
1,Execution,1,Audit/Verification Assessment,2,Availing of all documents,66,Final internal review of documents,CET
1,Execution,1,Audit/Verification Assessment,2,Availing of all documents,148,Waybills verification,PQ
1,Execution,1,Audit/Verification Assessment,3,CB Engagement activities,19,Assessment of district's performace,PQ
1,Execution,1,Audit/Verification Assessment,3,CB Engagement activities,28,CB data alignment and send of certification related document to CB,PQ
1,Execution,1,Audit/Verification Assessment,3,CB Engagement activities,29,Categorization of non compliances,CET
1,Execution,1,Audit/Verification Assessment,3,CB Engagement activities,89,Meeting with CB to agree on audit schedule and strategy,PQ
1,Execution,1,Audit/Verification Assessment,3,CB Engagement activities,100,Planning of audit resources with CB,PQ
1,Execution,1,Audit/Verification Assessment,3,CB Engagement activities,120,Root causes of non compliances,CET
1,Execution,1,Audit/Verification Assessment,4,Certification Audit Application,70,General performance review,CET
1,Execution,1,Audit/Verification Assessment,4,Certification Audit Application,92,Online application of certification audit,PQ
1,Execution,1,Audit/Verification Assessment,5,Corrective actions,23,Audit strategy and district evaluation and audit approach,CET
1,Execution,1,Audit/Verification Assessment,5,Corrective actions,34,Collation of corrective actions,CET
1,Execution,1,Audit/Verification Assessment,5,Corrective actions,43,Document alignment,CET
1,Execution,1,Audit/Verification Assessment,5,Corrective actions,55,Execute corrective actions,CET
1,Execution,1,Audit/Verification Assessment,5,Corrective actions,66,Final internal review of documents,CET
1,Execution,1,Audit/Verification Assessment,5,Corrective actions,67,Final review of corrective actions,PQ
1,Execution,1,Audit/Verification Assessment,5,Corrective actions,69,First review of corrective actions,CET
1,Execution,1,Audit/Verification Assessment,5,Corrective actions,92,Online application of certification audit,PQ
1,Execution,1,Audit/Verification Assessment,5,Corrective actions,101,Preparation of district teams for audit,CET
1,Execution,1,Audit/Verification Assessment,5,Corrective actions,131,Submission of corrective actions to CBs,PQ
1,Execution,1,Audit/Verification Assessment,6,Field Assessment by CB,34,Collation of corrective actions,CET
1,Execution,1,Audit/Verification Assessment,6,Field Assessment by CB,62,Farmer interview and assessment,CET
1,Execution,1,Audit/Verification Assessment,6,Field Assessment by CB,69,First review of corrective actions,CET
1,Execution,1,Audit/Verification Assessment,6,Field Assessment by CB,71,Group review and assessment,CET
1,Execution,1,Audit/Verification Assessment,6,Field Assessment by CB,124,Society review and assessment,CET
1,Execution,1,Audit/Verification Assessment,6,Field Assessment by CB,138,Supervision of implementation of agreed corrective actions,CET
1,Execution,1,Audit/Verification Assessment,7,IMS documents Assessment by CB,55,Execute corrective actions,CET
1,Execution,1,Audit/Verification Assessment,7,IMS documents Assessment by CB,73,IMS auditor (CB) review,CET
1,Execution,1,Audit/Verification Assessment,8,Rainforest Alliance engagement activities,22,Attend RA Webinars on policy interpretations,PQ
1,Execution,1,Audit/Verification Assessment,8,Rainforest Alliance engagement activities,79,In person meetings with RA to allign on certification documents,PQ
1,Execution,2,Execution,9,Audit/Verification Assessment,24,Availing of actors,CET
1,Execution,2,Execution,9,Audit/Verification Assessment,43,Document alignment,CET
1,Execution,3,Internal Inspection/Monitoring,10,Appointment of Approval and Sanctions committee,7,Approve farmers who comply with the standard,CET
1,Execution,3,Internal Inspection/Monitoring,10,Appointment of Approval and Sanctions committee,108,Review of all internal inspection checklist to ensure compliance,CET
1,Execution,3,Internal Inspection/Monitoring,10,Appointment of Approval and Sanctions committee,113,Review of filled forms to identify missing and unfilled columns for corrections to be made,CET
1,Execution,3,Internal Inspection/Monitoring,10,Appointment of Approval and Sanctions committee,121,Sanction farmers who do not comply with standards,CET
1,Execution,3,Internal Inspection/Monitoring,11,Internal monitoring/Internal inspection of all farms,8,Asceratins how farmer is with the required standards,CET
1,Execution,3,Internal Inspection/Monitoring,11,Internal monitoring/Internal inspection of all farms,9,Ascertains how farmer is with the required standards,CET
1,Execution,3,Internal Inspection/Monitoring,11,Internal monitoring/Internal inspection of all farms,44,Ensures checklist is signd by both parties - farmer and inspector,CET
1,Execution,3,Internal Inspection/Monitoring,11,Internal monitoring/Internal inspection of all farms,45,Ensures checklist is signed by both parties - farmer and inspector,CET
1,Execution,3,Internal Inspection/Monitoring,11,Internal monitoring/Internal inspection of all farms,80,Inspect the whole farm taking note of the farm characteristicts,CET
1,Execution,3,Internal Inspection/Monitoring,11,Internal monitoring/Internal inspection of all farms,134,Summarizes findings and make recommendations,CET
1,Execution,3,Internal Inspection/Monitoring,11,Internal monitoring/Internal inspection of all farms,147,Visits the farms,PQ
1,Execution,3,Internal Inspection/Monitoring,12,Recruitment of Internal Inspectors,2,Advertisement in the districts,CET
1,Execution,3,Internal Inspection/Monitoring,12,Recruitment of Internal Inspectors,82,Interview,CET
1,Execution,3,Internal Inspection/Monitoring,12,Recruitment of Internal Inspectors,93,Opening of vacancies,CET
1,Execution,3,Internal Inspection/Monitoring,12,Recruitment of Internal Inspectors,122,Selection of qualified candidates,CET
1,Execution,3,Internal Inspection/Monitoring,12,Recruitment of Internal Inspectors,123,Shortlisting of application forms and CVs,CET
1,Execution,3,Internal Inspection/Monitoring,13,Training of Approval and Sanction committee,4,Appointment of Approval and Sanction Committee Members,CET
1,Execution,3,Internal Inspection/Monitoring,13,Training of Approval and Sanction committee,48,Evaluation and review of training,CET
1,Execution,3,Internal Inspection/Monitoring,13,Training of Approval and Sanction committee,95,Organization of training,CET
1,Execution,3,Internal Inspection/Monitoring,13,Training of Approval and Sanction committee,98,Organization of training,CET
1,Execution,3,Internal Inspection/Monitoring,13,Training of Approval and Sanction committee,145,Training needs assessment,CET
1,Execution,3,Internal Inspection/Monitoring,14,Training of Internal Inspectors,1, Consultation with expert trainers,PQ
1,Execution,3,Internal Inspection/Monitoring,14,Training of Internal Inspectors,48,Evaluation and review of training,PQ
1,Execution,3,Internal Inspection/Monitoring,14,Training of Internal Inspectors,78,Implementation of training workshops/seminars,PQ
1,Execution,3,Internal Inspection/Monitoring,14,Training of Internal Inspectors,96,Organization of training logistics,PQ
1,Execution,3,Internal Inspection/Monitoring,14,Training of Internal Inspectors,97,Organization of training logistics,PQ
1,Execution,3,Internal Inspection/Monitoring,14,Training of Internal Inspectors,145,Training needs assessment,PQ
1,Execution,4,Pre-Audit,2,Availing of all documents,6,Approval of self assessment,CET
1,Execution,4,Pre-Audit,2,Availing of all documents,25,"Availing of all required documents;_x000D_
 - Waybills (primary and secondary)_x000D_
 - Passbooks_x000D_
 - Master stock ledger_x000D_
 - Farmer and PC personal etc",PQ
1,Execution,4,Pre-Audit,5,Corrective actions,34,Collation of corrective actions,CET
1,Execution,4,Pre-Audit,5,Corrective actions,55,Execute corrective actions,CET
1,Execution,4,Pre-Audit,5,Corrective actions,69,First review of corrective actions,CET
1,Execution,4,Pre-Audit,5,Corrective actions,114,Review risk assessment,PQ
1,Execution,4,Pre-Audit,5,Corrective actions,115,Review the existing administrative and management systems,PQ
1,Execution,4,Pre-Audit,5,Corrective actions,132,Submission of first level reviewed file to SMS,CET
1,Execution,4,Pre-Audit,15,Field assessment,14,Assess the availability of required documentations,PQ
1,Execution,4,Pre-Audit,15,Field assessment,20,Assessment of level of each risk,CET
1,Execution,4,Pre-Audit,15,Field assessment,57,Farm inspection,PQ
1,Execution,4,Pre-Audit,15,Field assessment,59,Farmer and PC personal inspection,PQ
1,Execution,4,Pre-Audit,15,Field assessment,63,Farmer interview and premium payment verification,CET
1,Execution,4,Pre-Audit,15,Field assessment,75,Identification of group's risk,CET
1,Execution,4,Pre-Audit,15,Field assessment,99,Passbook inspection,PQ
1,Execution,4,Pre-Audit,15,Field assessment,107,Review internal inspection reports,PQ
1,Execution,4,Pre-Audit,15,Field assessment,115,Review the existing administrative and management systems,PQ
1,Execution,4,Pre-Audit,15,Field assessment,148,Waybills verification,PQ
1,Execution,4,Pre-Audit,16,IMS documents Assessment,10,"Assement of all required documents;_x000D_
 - Waybills (primary and secondary)_x000D_
 - Passbooks_x000D_
 - Master stock ledger_x000D_
 - Farmer and PC personal etc",PQ
1,Execution,4,Pre-Audit,16,IMS documents Assessment,17,"Assessment of all required documents;_x000D_
 - Waybills (primary and secondary)_x000D_
 - Passbooks_x000D_
 - Master stock ledger_x000D_
 - Farmer and PC personal etc",PQ
1,Execution,4,Pre-Audit,16,IMS documents Assessment,132,Submission of first level reviewed file to SMS,CET
1,Execution,4,Pre-Audit,17,Identify potential issues in the societies selected,18,Assessment of all societies,CET
1,Execution,4,Pre-Audit,17,Identify potential issues in the societies selected,30,Categorization of societies per their risk levels,CET
1,Execution,4,Pre-Audit,17,Identify potential issues in the societies selected,72,Group risks per their level of severity,CET
1,Execution,4,Pre-Audit,18,Identify risk areas based on previous audit or risk assessment,128,Study of audit report,CET
1,Execution,4,Pre-Audit,18,Identify risk areas based on previous audit or risk assessment,129,Study of group's risk assessment,CET
1,Execution,4,Pre-Audit,19,Risk Assessment,11,Assess checklist information to ensure alignment with farmer register,CET
1,Execution,4,Pre-Audit,19,Risk Assessment,20,Assessment of level of each risk,CET
1,Execution,4,Pre-Audit,19,Risk Assessment,35,Compilation of pictures and documents,CET
1,Execution,4,Pre-Audit,19,Risk Assessment,42,Design preventive measures,CET
1,Execution,4,Pre-Audit,19,Risk Assessment,75,Identification of group's risk,CET
1,Execution,4,Pre-Audit,19,Risk Assessment,91,Monitoring of preventive measures,CET
1,Execution,4,Pre-Audit,19,Risk Assessment,103,Re-assessment of risk,CET
1,Execution,4,Pre-Audit,19,Risk Assessment,105,Review checklists to confirm approved farmers for external audit,PQ
1,Execution,4,Pre-Audit,19,Risk Assessment,106,Review checklists to ensure inspector's recommendations are adhered to,CET
1,Execution,4,Pre-Audit,19,Risk Assessment,112,Review of filled checklists to ensure all forms are filled,PQ
1,Execution,4,Pre-Audit,20,Select societies with high risk,18,Assessment of all societies,CET
1,Execution,4,Pre-Audit,20,Select societies with high risk,30,Categorization of societies per their risk levels,CET
1,Execution,4,Pre-Audit,20,Select societies with high risk,72,Group risks per their level of severity,CET
1,Execution,4,Pre-Audit,21,Self Assessment,7,Approve farmers who comply with the standard,CET
1,Execution,4,Pre-Audit,21,Self Assessment,12,Assess internal inspection reports,CET
1,Execution,4,Pre-Audit,21,Self Assessment,13,"Assess internal inspection reports_x000D_
 _x000D_
 3. Assess the availability of required documents",CET
1,Execution,4,Pre-Audit,21,Self Assessment,15,Assess the availability of required documents,CET
1,Execution,4,Pre-Audit,21,Self Assessment,16,Assess the existing administrative and management systems,CET
1,Execution,4,Pre-Audit,21,Self Assessment,121,Sanction farmers who do not comply with standards,CET
1,Execution,4,Pre-Audit,21,Self Assessment,140,Supervison of internal inspection,CET
1,Execution,5,Training,22,FHs and PCs spot checks,31,Checking and assessing of PC sheds,CET
1,Execution,5,Training,22,FHs and PCs spot checks,32,Checking of farmer personal,CET
1,Execution,5,Training,22,FHs and PCs spot checks,33,Checking of waybills,CET
1,Execution,5,Training,23,Monitoring and backstopping of farmer trainings,27,Backstopping of training,CET
1,Execution,5,Training,23,Monitoring and backstopping of farmer trainings,53,Evaluation of training,CET
1,Execution,5,Training,23,Monitoring and backstopping of farmer trainings,54,Evaluation of training and issue of recommendations,PQ
1,Execution,5,Training,23,Monitoring and backstopping of farmer trainings,76,Identification of training needs,PQ
1,Execution,5,Training,23,Monitoring and backstopping of farmer trainings,119,Revision of training approach,PQ
1,Execution,5,Training,23,Monitoring and backstopping of farmer trainings,141,Supervison of training,CET
1,Execution,5,Training,24,Training of CET RMs,48,Evaluation and review of training,PQ
1,Execution,5,Training,24,Training of CET RMs,95,Organization of training.,PQ
1,Execution,5,Training,24,Training of CET RMs,98,Organization of training.,PQ
1,Execution,5,Training,25,Training of Farmers,53,Evaluation of training,CET
1,Execution,5,Training,25,Training of Farmers,77,Implementation of training initiatives,CET
1,Execution,5,Training,25,Training of Farmers,95,Organization of training.,CET
1,Execution,5,Training,25,Training of Farmers,98,Organization of training.,CET
1,Execution,5,Training,25,Training of Farmers,118,Revision of training,CET
1,Execution,5,Training,26,Training of Field Trainers,48,Evaluation and review of training,CET
1,Execution,5,Training,26,Training of Field Trainers,95,Organization of training.,CET
1,Execution,5,Training,26,Training of Field Trainers,98,Organization of training.,CET
1,Execution,5,Training,26,Training of Field Trainers,145,Training needs assessment,CET
1,Execution,5,Training,27,Training of Trainers (FO),1,Consultation with expert trainers,PQ
1,Execution,5,Training,27,Training of Trainers (FO),48,Evaluation and review of training,PQ
1,Execution,5,Training,27,Training of Trainers (FO),78,Implementation of training workshops/seminars,PQ
1,Execution,5,Training,27,Training of Trainers (FO),96,Organization of training logistics.,PQ
1,Execution,5,Training,27,Training of Trainers (FO),97,Organization of training logistics.,PQ
1,Execution,5,Training,28,Update and Submit Training Monitoring Tool,21,Assessment of training logs and documentations,CET
1,Execution,5,Training,28,Update and Submit Training Monitoring Tool,46,Entry of training log details in training monitoring tool,CET
1,Execution,6,Way Point & Data Collection,29,Farm Polygon Mapping,85,Mapping of farms,CET
1,Execution,6,Way Point & Data Collection,30,Farm data collection,36,Creation of farm,CET
1,Execution,6,Way Point & Data Collection,30,Farm data collection,56,Farm characteristics,CET
1,Execution,6,Way Point & Data Collection,30,Farm data collection,58,Farm practises data,CET
1,Execution,6,Way Point & Data Collection,30,Farm data collection,84,Linking of farm to a farmer,CET
1,Execution,6,Way Point & Data Collection,30,Farm data collection,102,Production data,CET
1,Execution,6,Way Point & Data Collection,31,Farmer Profiling,37,Creation of farmer bio data,CET
1,Execution,6,Way Point & Data Collection,31,Farmer Profiling,60,Farmer geo data,CET
1,Execution,6,Way Point & Data Collection,31,Farmer Profiling,61,Farmer household data,CET
1,Execution,6,Way Point & Data Collection,31,Farmer Profiling,64,Farmer socio economic data,CET
1,Execution,6,Way Point & Data Collection,32,Monitoring,135,Supervision of data collection,CET
1,Execution,6,Way Point & Data Collection,32,Monitoring,137,Supervision of farm mapping,CET
1,Execution,6,Way Point & Data Collection,32,Monitoring,139,Supervision of waypoints collection,CET
1,Execution,6,Way Point & Data Collection,33,Waypoints Collection,142,Synchronisation of data,CET
1,Execution,6,Way Point & Data Collection,33,Waypoints Collection,143,Taking of GPS coordinates,CET
2,Quality Audits,1,Audit/Verification Assessment,34,Analysis of audit results,49,Evaluation of corrective actions and issue of recommendations,PQ
2,Quality Audits,1,Audit/Verification Assessment,34,Analysis of audit results,74,Identification of gaps and next steps,PQ
2,Quality Audits,1,Audit/Verification Assessment,34,Analysis of audit results,76,Identification of training needs,PQ
2,Quality Audits,1,Audit/Verification Assessment,34,Analysis of audit results,81,Internal retrospection of audit,PQ
2,Quality Audits,1,Audit/Verification Assessment,34,Analysis of audit results,104,Recommendations and way forwards,PQ
2,Quality Audits,1,Audit/Verification Assessment,34,Analysis of audit results,116,Revision of corrective action approach,PQ
2,Quality Audits,1,Audit/Verification Assessment,35,Monitoring of corrective actions,28,CB data alignment and send of certification related document to CB,PQ
2,Quality Audits,1,Audit/Verification Assessment,35,Monitoring of corrective actions,34,Collation of corrective actions,CET
2,Quality Audits,1,Audit/Verification Assessment,35,Monitoring of corrective actions,55,Execute corrective actions,CET
2,Quality Audits,1,Audit/Verification Assessment,35,Monitoring of corrective actions,62,Farmer interview and assessment,CET
2,Quality Audits,1,Audit/Verification Assessment,35,Monitoring of corrective actions,67,Final review of corrective actions,PQ
2,Quality Audits,1,Audit/Verification Assessment,35,Monitoring of corrective actions,69,First review of corrective actions,CET
2,Quality Audits,1,Audit/Verification Assessment,35,Monitoring of corrective actions,71,Group review and assessment,CET
2,Quality Audits,1,Audit/Verification Assessment,35,Monitoring of corrective actions,73,IMS auditor (CB) review,CET
2,Quality Audits,1,Audit/Verification Assessment,35,Monitoring of corrective actions,74,Identification of gaps and next steps,PQ
2,Quality Audits,1,Audit/Verification Assessment,35,Monitoring of corrective actions,81,Internal retrospection of audit,PQ
2,Quality Audits,1,Audit/Verification Assessment,35,Monitoring of corrective actions,83,Issues of recommendation,PQ
2,Quality Audits,1,Audit/Verification Assessment,35,Monitoring of corrective actions,89,Meeting with CB to agree on audit schedule and strategy,PQ
2,Quality Audits,1,Audit/Verification Assessment,35,Monitoring of corrective actions,90,Monitoring of field implementation,CET
2,Quality Audits,1,Audit/Verification Assessment,35,Monitoring of corrective actions,94,Organisation and planning of resources,CET
2,Quality Audits,1,Audit/Verification Assessment,35,Monitoring of corrective actions,100,Planning of audit resources with CB,PQ
2,Quality Audits,1,Audit/Verification Assessment,35,Monitoring of corrective actions,104,Recommendations and way forwards,PQ
2,Quality Audits,1,Audit/Verification Assessment,35,Monitoring of corrective actions,111,Review of field implementation,PQ
2,Quality Audits,1,Audit/Verification Assessment,35,Monitoring of corrective actions,124,Society review and assessment,CET
2,Quality Audits,1,Audit/Verification Assessment,35,Monitoring of corrective actions,131,Submission of corrective actions to CBs,PQ
2,Quality Audits,3,Internal Inspection/Monitoring,36,Corrective action,35,Compilation of pictures and documents,CET
2,Quality Audits,3,Internal Inspection/Monitoring,36,Corrective action,44,Ensures checklist is signd by both parties - farmer and inspector,CET
2,Quality Audits,3,Internal Inspection/Monitoring,36,Corrective action,108,Review of all internal inspection checklist to ensure compliance,CET
2,Quality Audits,3,Internal Inspection/Monitoring,36,Corrective action,110,Review of corrective actions,CET
2,Quality Audits,3,Internal Inspection/Monitoring,36,Corrective action,113,Review of filled forms to identify missing and unfilled columns for corrections to be made,CET
2,Quality Audits,3,Internal Inspection/Monitoring,36,Corrective action,130,Submission of corrective actions,CET
2,Quality Audits,3,Internal Inspection/Monitoring,37,Monitoring and Backstopping,11,Assess checklist information to ensure alignment with farmer register,CET
2,Quality Audits,3,Internal Inspection/Monitoring,37,Monitoring and Backstopping,26,Backstopping of farm inspections,CET
2,Quality Audits,3,Internal Inspection/Monitoring,37,Monitoring and Backstopping,51,Evaluation of internal inspection and making recommendations,PQ
2,Quality Audits,3,Internal Inspection/Monitoring,37,Monitoring and Backstopping,52,Evaluation of internal inspectors work,CET
2,Quality Audits,3,Internal Inspection/Monitoring,37,Monitoring and Backstopping,76,Identification of training needs,PQ
2,Quality Audits,3,Internal Inspection/Monitoring,37,Monitoring and Backstopping,105,Review checklists to confirm approved farmers for external audit,PQ
2,Quality Audits,3,Internal Inspection/Monitoring,37,Monitoring and Backstopping,106,Review checklists to ensure inspector's recommendations are adhered to,CET
2,Quality Audits,3,Internal Inspection/Monitoring,37,Monitoring and Backstopping,112,Review of filled checklists to ensure all forms are filled,PQ
2,Quality Audits,3,Internal Inspection/Monitoring,37,Monitoring and Backstopping,119,Revision of training approach,PQ
2,Quality Audits,3,Internal Inspection/Monitoring,37,Monitoring and Backstopping,140,Supervison of internal inspection,CET
2,Quality Audits,3,Internal Inspection/Monitoring,38,Review of Internal Inspection/monitoring,9,Ascertains how farmer is with the required standards,CET
2,Quality Audits,3,Internal Inspection/Monitoring,38,Review of Internal Inspection/monitoring,11,Assess checklist information to ensure alignment with farmer register,CET
2,Quality Audits,3,Internal Inspection/Monitoring,38,Review of Internal Inspection/monitoring,80,Inspect the whole farm taking note of the farm characteristicts,CET
2,Quality Audits,3,Internal Inspection/Monitoring,38,Review of Internal Inspection/monitoring,105,Review checklists to confirm approved farmers for external audit,PQ
2,Quality Audits,3,Internal Inspection/Monitoring,38,Review of Internal Inspection/monitoring,106,Review checklists to ensure inspector's recommendations are adhered to,CET
2,Quality Audits,3,Internal Inspection/Monitoring,38,Review of Internal Inspection/monitoring,112,Review of filled checklists to ensure all forms are filled,PQ
2,Quality Audits,3,Internal Inspection/Monitoring,38,Review of Internal Inspection/monitoring,134,Summarizes findings and make recommendations,CET
2,Quality Audits,3,Internal Inspection/Monitoring,38,Review of Internal Inspection/monitoring,147,Visits the farms,CET
2,Quality Audits,4,Pre-Audit,39,Analysis of pre audit results,5,Approval of risk assessment,CET
2,Quality Audits,4,Pre-Audit,39,Analysis of pre audit results,19,Assessment of district's performace,CET
2,Quality Audits,4,Pre-Audit,39,Analysis of pre audit results,29,Categorization of non compliances,PQ
2,Quality Audits,4,Pre-Audit,39,Analysis of pre audit results,42,Design preventive measures,CET
2,Quality Audits,4,Pre-Audit,39,Analysis of pre audit results,70,General performance review,CET
2,Quality Audits,4,Pre-Audit,39,Analysis of pre audit results,91,Monitoring of preventive measures,CET
2,Quality Audits,4,Pre-Audit,39,Analysis of pre audit results,103,Re-assessment of risk,CET
2,Quality Audits,4,Pre-Audit,39,Analysis of pre audit results,120,Root causes of non compliances,CET
2,Quality Audits,4,Pre-Audit,35,Monitoring of corrective actions,14,Assess the availability of required documentations,PQ
2,Quality Audits,4,Pre-Audit,35,Monitoring of corrective actions,17,"Assessment of all required documents;_x000D_
 - Waybills (primary and secondary)_x000D_
 - Passbooks_x000D_
 - Master stock ledger_x000D_
 - Farmer and PC personal etc",PQ
2,Quality Audits,4,Pre-Audit,35,Monitoring of corrective actions,25,"Availing of all required documents;_x000D_
 - Waybills (primary and secondary)_x000D_
 - Passbooks_x000D_
 - Master stock ledger_x000D_
 - Farmer and PC personal etc",CET
2,Quality Audits,4,Pre-Audit,35,Monitoring of corrective actions,49,Evaluation of corrective actions and issue of recommendations,PQ
2,Quality Audits,4,Pre-Audit,35,Monitoring of corrective actions,57,Farm inspection,PQ
2,Quality Audits,4,Pre-Audit,35,Monitoring of corrective actions,76,Identification of training needs,PQ
2,Quality Audits,4,Pre-Audit,35,Monitoring of corrective actions,116,Revision of corrective action approach,CET
2,Quality Audits,4,Pre-Audit,35,Monitoring of corrective actions,138,Supervision of implementation of agreed corrective actions,PQ
2,Quality Audits,4,Pre-Audit,40,Review of (LOE),3,Alternative analysis of resources,PQ
2,Quality Audits,4,Pre-Audit,40,Review of (LOE),47,Estimate number of resources needed,CET
2,Quality Audits,4,Pre-Audit,40,Review of (LOE),68,Finalizing on the resources needed,PQ
2,Quality Audits,4,Pre-Audit,40,Review of (LOE),144,Top down estimating of resources,PQ
2,Quality Audits,4,Pre-Audit,40,Review of (LOE),146,Use expert judgement on the required resources,PQ
2,Quality Audits,4,Pre-Audit,41,Review of Risk Assessment,5,Approval of risk assessment,CET
2,Quality Audits,4,Pre-Audit,41,Review of Risk Assessment,12,Assess internal inspection reports,CET
2,Quality Audits,4,Pre-Audit,41,Review of Risk Assessment,14,Assess the availability of required documentations,PQ
2,Quality Audits,4,Pre-Audit,41,Review of Risk Assessment,15,Assess the availability of required documents,CET
2,Quality Audits,4,Pre-Audit,41,Review of Risk Assessment,16,Assess the existing administrative and management systems,CET
2,Quality Audits,4,Pre-Audit,41,Review of Risk Assessment,110,Review of corrective actions,CET
2,Quality Audits,4,Pre-Audit,41,Review of Risk Assessment,114,Review risk assessment,PQ
2,Quality Audits,4,Pre-Audit,41,Review of Risk Assessment,115,Review the existing administrative and management systems,PQ
2,Quality Audits,4,Pre-Audit,41,Review of Risk Assessment,130,Submission of corrective actions,CET
2,Quality Audits,4,Pre-Audit,41,Review of Risk Assessment,132,Submission of first level reviewed file to SMS,CET
2,Quality Audits,4,Pre-Audit,42,Review of Self Assessment,6,Approval of self assessment,CET
2,Quality Audits,4,Pre-Audit,42,Review of Self Assessment,14,Assess the availability of required documentations,PQ
2,Quality Audits,4,Pre-Audit,42,Review of Self Assessment,26,Backstopping of farm inspections,CET
2,Quality Audits,4,Pre-Audit,42,Review of Self Assessment,51,Evaluation of internal inspection and making recommendations,PQ
2,Quality Audits,4,Pre-Audit,42,Review of Self Assessment,52,Evaluation of internal inspectors work,CET
2,Quality Audits,4,Pre-Audit,42,Review of Self Assessment,76,Identification of training needs,PQ
2,Quality Audits,4,Pre-Audit,42,Review of Self Assessment,107,Review internal inspection reports,PQ
2,Quality Audits,4,Pre-Audit,42,Review of Self Assessment,115,Review the existing administrative and management systems,PQ
2,Quality Audits,4,Pre-Audit,42,Review of Self Assessment,119,Revision of training approach,PQ
2,Quality Audits,4,Pre-Audit,42,Review of Self Assessment,132,Submission of first level reviewed file to SMS,CET
2,Quality Audits,5,Training,22,FHs and PCs spot checks,125,Spot checks and assessment of PC sheds,PQ
2,Quality Audits,5,Training,22,FHs and PCs spot checks,126,Spot checks of farmer personal,PQ
2,Quality Audits,5,Training,22,FHs and PCs spot checks,127,Spot checks of waybills,PQ
2,Quality Audits,5,Training,23,Monitoring and backstopping of farmer trainings,27,Backstopping of training,CET
2,Quality Audits,5,Training,23,Monitoring and backstopping of farmer trainings,53,Evaluation of training,CET
2,Quality Audits,5,Training,23,Monitoring and backstopping of farmer trainings,54,Evaluation of training and issue of recommendations,PQ
2,Quality Audits,5,Training,23,Monitoring and backstopping of farmer trainings,76,Identification of training needs,PQ
2,Quality Audits,5,Training,23,Monitoring and backstopping of farmer trainings,119,Revision of training approach,PQ
2,Quality Audits,5,Training,23,Monitoring and backstopping of farmer trainings,141,Supervison of training,CET
2,Quality Audits,5,Training,43,Review of Submitted Training Monitoring Tool,65,"Field review and assesment of training monitoring tool,training logs and other training documentations",PQ
2,Quality Audits,5,Training,43,Review of Submitted Training Monitoring Tool,86,Matching of farmer list to farmers in training monitoring tools and communication of feedback,CET
2,Quality Audits,5,Training,43,Review of Submitted Training Monitoring Tool,87,Matching of farmer list to farmers in training monitoring tools and communication of feedbacks,CET
2,Quality Audits,5,Training,43,Review of Submitted Training Monitoring Tool,88,Matching of farmer list to farmers in training monitoring tools and communication of feedbacks to RMs,PQ
2,Quality Audits,5,Training,43,Review of Submitted Training Monitoring Tool,109,Review of completed training monitoring tool,CET
2,Quality Audits,5,Training,43,Review of Submitted Training Monitoring Tool,133,Submission of reviewed files to PQ,CET
2,Quality Audits,6,Way Point & Data Collection,44,Data Analysis,38,Data Cleansing,PQ
2,Quality Audits,6,Way Point & Data Collection,44,Data Analysis,39,Data analysis,PQ
2,Quality Audits,6,Way Point & Data Collection,44,Data Analysis,40,Data reporting,PQ
2,Quality Audits,6,Way Point & Data Collection,44,Data Analysis,41,Defining purpose of the data analysis,PQ
2,Quality Audits,6,Way Point & Data Collection,32,Monitoring,50,Evaluation of enumerators and issue of recommendations,PQ
2,Quality Audits,6,Way Point & Data Collection,32,Monitoring,76,Identification of training needs,PQ
2,Quality Audits,6,Way Point & Data Collection,32,Monitoring,117,Revision of data collection approach,PQ
2,Quality Audits,6,Way Point & Data Collection,32,Monitoring,135,Supervision of data collection,CET
2,Quality Audits,6,Way Point & Data Collection,32,Monitoring,136,"Supervision of data collection_x000D_
 _x000D_
 3. Supervision of farm mapping",CET
2,Quality Audits,6,Way Point & Data Collection,32,Monitoring,137,Supervision of farm mapping,CET
2,Quality Audits,6,Way Point & Data Collection,32,Monitoring,139,Supervision of waypoints collection,CET
