ID_key,name,full_name
22,Adabokrom,Adabokrom/22
47,Agona A,Agona A/47
97,Agona Amenfi,Agona Amenfi/97
24,Akim Oda,Akim Oda/24
19,Akontombra A,Akontombra A/19
70,Akontombra B,Akontombra B/70
15,Antoakrom A,Antoakrom A/15
89,Antoakrom B,Antoakrom B/89
90,Antoakrom C,Antoakrom C/90
50,Asamankese,Asamankese/50
27,Asankragwa A,Asankragwa A/27
102,Asankragwa B,Asankragwa B/102
36,Asawinso A,Asawinso A/36
71,Asawinso B,Asawinso B/71
5,Asempaneye,Asempaneye/5
54,Ashanti Bekwai,Ashanti Bekwai/54
57,Assin Breku,Assin Breku/57
9,Assin Fosu A,Assin Fosu A/9
37,Asumura A,Asumura A/37
48,Bibiani A,Bibiani A/48
55,Bibiani B,Bibiani B/55
17,Boako A,Boako A/17
93,Boako B,Boako B/93
45,Bodi A,Bodi A/45
41,Bodi B,Bodi B/41
6,Bodi C,Bodi C/6
28,Bonsu A,Bonsu A/28
72,Bonsu B,Bonsu B/72
8,Bonsu C,Bonsu C/8
7,Breman Asikumah,Breman Asikumah/7
79,Dadieso,Dadieso/79
80,Debiso,Debiso/80
32,Diaso,Diaso/32
62,Dunkwa A,Dunkwa A/62
63,Dunkwa B,Dunkwa B/63
10,Effiduase,Effiduase/10
3,Elluokrom A,Elluokrom A/3
74,Elluokrom B,Elluokrom B/74
77,Enchi A,Enchi A/77
78,Enchi B,Enchi B/78
95,Enchi C,Enchi C/95
96,Enchi D,Enchi D/96
76,Essam,Essam/76
16,Goaso A,Goaso A/16
64,Goaso B,Goaso B/64
51,Juaboso A,Juaboso A/51
25,Juaboso B,Juaboso B/25
23,Juaboso C,Juaboso C/23
56,Juaboso D,Juaboso D/56
52,Kasapin B,Kasapin B/52
73,Mankranso,Mankranso/73
111,Manso Amenfi,Manso Amenfi/111
18,New Edubiase A,New Edubiase A/18
58,New Edubiase B,New Edubiase B/58
20,Nkawie,Nkawie/20
67,Nkawkaw,Nkawkaw/67
26,Nyinahin,Nyinahin/26
38,Obuasi,Obuasi/38
59,Ofoase,Ofoase/59
68,Proso A,Proso A/68
13,Proso B,Proso B/13
60,Samreboi A,Samreboi A/60
61,Samreboi B,Samreboi B/61
43,Samreboi C,Samreboi C/43
39,Samreboi D,Samreboi D/39
29,Sankore A,Sankore A/29
33,Sankore B,Sankore B/33
49,Sankore C,Sankore C/49
53,Sefwi Asafo,Sefwi Asafo/53
46,Sefwi Bekwai,Sefwi Bekwai/46
42,Sefwi Wiawso A,Sefwi Wiawso A/42
81,Sefwi Wiawso C,Sefwi Wiawso C/81
65,Suhum A,Suhum A/65
66,Suhum B,Suhum B/66
94,Sunyani,Sunyani/94
4,Tarkwa A,Tarkwa A/4
91,Tarkwa B,Tarkwa B/91
11,Tepa A,Tepa A/11
30,Tepa B,Tepa B/30
21,Twifo Nyinase,Twifo Nyinase/21
1,Twifo Praso,Twifo Praso/1
2,Unicom Antoakrom,Unicom Antoakrom/2
40,Unicom Asankragwa,Unicom Asankragwa/40
82,Unicom Assin Fosu B,Unicom Assin Fosu B/82
86,Unicom Awaso,Unicom Awaso/86
44,Unicom Bogoso,Unicom Bogoso/44
31,Unicom Dunkwa,Unicom Dunkwa/31
110,Unicom Juaboso,Unicom Juaboso/110
98,Unicom Kasapin,Unicom Kasapin/98
87,Unicom Manso Amenfi,Unicom Manso Amenfi/87
83,Unicom New Edubiase,Unicom New Edubiase/83
69,Unicom Samreboi,Unicom Samreboi/69
84,Unicom Twifo Praso,Unicom Twifo Praso/84
14,Unicom Wassa Akropong,Unicom Wassa Akropong/14
