Stage,Activity,Sub-Activities,Details,Type of Activity,Full Owner
Execution,Training,FHs and PCs spot checks,Checking of farmer personal,Recurring,CET
Execution,Training,FHs and PCs spot checks,Checking of waybills,Recurring,CET
Execution,Training,FHs and PCs spot checks,Checking and assessing of PC sheds,Recurring,CET
Quality Audits,Training,FHs and PCs spot checks,Spot checks of farmer personal,Recurring,PQ
Quality Audits,Training,FHs and PCs spot checks,Spot checks of waybills,Recurring,PQ
Quality Audits,Training,FHs and PCs spot checks,Spot checks and assessment of PC sheds,Recurring,PQ
Execution,Training,Training of Farmers,Organization of training.,Recurring,CET
Execution,Training,Training of Farmers,Implementation of training initiatives,Recurring,CET
Execution,Training,Training of Farmers,Evaluation of training,Recurring,CET
Execution,Training,Training of Farmers,Revision of training,Recurring,CET
Execution,Training,Training of CET RMs,Organization of training.,Week specific,PQ
Execution,Training,Training of CET RMs,Evaluation and review of training,Week specific,PQ
Quality Audits,Training,Monitoring and backstopping of farmer trainings,Supervison of training,Recurring,CET
Quality Audits,Training,Monitoring and backstopping of farmer trainings,Evaluation of training,Recurring,CET
Quality Audits,Training,Monitoring and backstopping of farmer trainings,Backstopping of training,Recurring,CET
Quality Audits,Training,Monitoring and backstopping of farmer trainings,Evaluation of training and issue of recommendations,Recurring,PQ
Quality Audits,Training,Monitoring and backstopping of farmer trainings,Identification of training needs,Recurring,PQ
Quality Audits,Training,Monitoring and backstopping of farmer trainings,Revision of training approach,Recurring,PQ
Execution,Training,Update and Submit Training Monitoring Tool,Assessment of training logs and documentations,Recurring,CET
Execution,Training,Update and Submit Training Monitoring Tool,Entry of training log details in training monitoring tool,Recurring,CET
Quality Audits,Training,Review of Submitted Training Monitoring Tool,Review of completed training monitoring tool,Recurring,CET
Quality Audits,Training,Review of Submitted Training Monitoring Tool,Submission of reviewed files to PQ,Recurring,CET
Quality Audits,Training,Review of Submitted Training Monitoring Tool,"Field review and assesment of training monitoring tool,training logs and other training documentations",Recurring,PQ
Quality Audits,Training,Review of Submitted Training Monitoring Tool,Matching of farmer list to farmers in training monitoring tools and communication of feedback,Recurring,CET
Execution,Way Point & Data Collection,Farmer Profiling,Creation of farmer bio data,Continuous,CET
Execution,Way Point & Data Collection,Farmer Profiling,Farmer socio economic data,Continuous,CET
Execution,Way Point & Data Collection,Farmer Profiling,Farmer geo data,Continuous,CET
Execution,Way Point & Data Collection,Farmer Profiling,Farmer household data,Continuous,CET
Execution,Way Point & Data Collection,Farm data collection,Creation of farm,Continuous,CET
Execution,Way Point & Data Collection,Farm data collection,Linking of farm to a farmer,Continuous,CET
Execution,Way Point & Data Collection,Farm data collection,Farm characteristics,Continuous,CET
Execution,Way Point & Data Collection,Farm data collection,Farm practises data,Continuous,CET
Execution,Way Point & Data Collection,Farm data collection,Production data,Continuous,CET
Execution,Way Point & Data Collection,Waypoints Collection,Taking of GPS coordinates,Continuous,CET
Execution,Way Point & Data Collection,Waypoints Collection,Synchronisation of data,Recurring,CET
Execution,Way Point & Data Collection,Farm Polygon Mapping,Mapping of farms,Continuous,CET
Execution,Way Point & Data Collection,Monitoring,Supervision of data collection,Recurring,CET
Execution,Way Point & Data Collection,Monitoring,Supervision of waypoints collection,Recurring,CET
Execution,Way Point & Data Collection,Monitoring,Supervision of farm mapping,Recurring,CET
Quality Audits,Way Point & Data Collection,Data Analysis,Defining purpose of the data analysis,Continuous,PQ
Quality Audits,Way Point & Data Collection,Data Analysis,Data Cleansing,Continuous,PQ
Quality Audits,Way Point & Data Collection,Data Analysis,Data analysis,Continuous,PQ
Quality Audits,Way Point & Data Collection,Data Analysis,Data reporting,Continuous,PQ
Execution,Internal Inspection/Monitoring,Recruitment of Internal Inspectors,Opening of vacancies,Week specific,CET
Execution,Internal Inspection/Monitoring,Recruitment of Internal Inspectors,Advertisement in the districts,Week specific,CET
Execution,Internal Inspection/Monitoring,Recruitment of Internal Inspectors,Shortlisting of application forms and CVs,Week specific,CET
Execution,Internal Inspection/Monitoring,Recruitment of Internal Inspectors,Interview,Week specific,CET
Execution,Internal Inspection/Monitoring,Recruitment of Internal Inspectors,Selection of qualified candidates,Week specific,CET
Execution,Internal Inspection/Monitoring,Training of Internal Inspectors,Training needs assessment,Week specific,PQ
Execution,Internal Inspection/Monitoring,Training of Internal Inspectors,Consultation with expert trainers,Week specific,PQ
Execution,Internal Inspection/Monitoring,Training of Internal Inspectors,Organization of training logistics,Week specific,PQ
Execution,Internal Inspection/Monitoring,Training of Internal Inspectors,Implementation of training workshops/seminars,Week specific,PQ
Execution,Internal Inspection/Monitoring,Training of Internal Inspectors,Evaluation and review of training,Week specific,PQ
Quality Audits,Pre-Audit,Review of (LOE),Estimate number of resources needed,Week specific,CET
Quality Audits,Pre-Audit,Review of (LOE),Alternative analysis of resources,Week specific,CET
Quality Audits,Pre-Audit,Review of (LOE),Alternative analysis of resources,Week specific,PQ
Quality Audits,Pre-Audit,Review of (LOE),Use expert judgement on the required resources,Week specific,PQ
Quality Audits,Pre-Audit,Review of (LOE),Top down estimating of resources,Week specific,PQ
Quality Audits,Pre-Audit,Review of (LOE),Finalizing on the resources needed,Week specific,PQ
Execution,Internal Inspection/Monitoring,Internal monitoring/Internal inspection of all farms,Visits the farms,Continuous,PQ
Execution,Internal Inspection/Monitoring,Internal monitoring/Internal inspection of all farms,Inspect the whole farm taking note of the farm characteristicts,Continuous,CET
Execution,Internal Inspection/Monitoring,Internal monitoring/Internal inspection of all farms,Asceratins how farmer is with the required standards,Continuous,CET
Execution,Internal Inspection/Monitoring,Internal monitoring/Internal inspection of all farms,Summarizes findings and make recommendations,Continuous,CET
Execution,Internal Inspection/Monitoring,Internal monitoring/Internal inspection of all farms,Ensures checklist is signd by both parties - farmer and inspector,Continuous,CET
Execution,Internal Inspection/Monitoring,Training of Approval and Sanction committee,Appointment of Approval and Sanction Committee Members,Week specific,CET
Execution,Internal Inspection/Monitoring,Training of Approval and Sanction committee,Training needs assessment,Week specific,CET
Execution,Internal Inspection/Monitoring,Training of Approval and Sanction committee,Organization of training,Week specific,CET
Execution,Internal Inspection/Monitoring,Training of Approval and Sanction committee,Evaluation and review of training,Week specific,CET
Execution,Internal Inspection/Monitoring,Appointment of Approval and Sanctions committee,Review of all internal inspection checklist to ensure compliance,Continuous,CET
Execution,Internal Inspection/Monitoring,Appointment of Approval and Sanctions committee,Review of filled forms to identify missing and unfilled columns for corrections to be made,Continuous,CET
Execution,Internal Inspection/Monitoring,Appointment of Approval and Sanctions committee,Approve farmers who comply with the standard,Continuous,CET
Execution,Internal Inspection/Monitoring,Appointment of Approval and Sanctions committee,Sanction farmers who do not comply with standards,Continuous,CET
Quality Audits,Internal Inspection/Monitoring,Monitoring and Backstopping,Supervison of internal inspection,Continuous,CET
Quality Audits,Internal Inspection/Monitoring,Monitoring and Backstopping,Evaluation of internal inspectors work,Continuous,CET
Quality Audits,Internal Inspection/Monitoring,Monitoring and Backstopping,Backstopping of farm inspections,Continuous,CET
Quality Audits,Internal Inspection/Monitoring,Monitoring and Backstopping,Evaluation of internal inspection and making recommendations,Continuous,PQ
Quality Audits,Internal Inspection/Monitoring,Monitoring and Backstopping,Identification of training needs,Continuous,PQ
Quality Audits,Internal Inspection/Monitoring,Monitoring and Backstopping,Revision of training approach,Continuous,PQ
Quality Audits,Internal Inspection/Monitoring,Review of Internal Inspection/monitoring,Assess checklist information to ensure alignment with farmer register,Continuous,CET
Quality Audits,Internal Inspection/Monitoring,Review of Internal Inspection/monitoring,Review checklists to ensure inspector's recommendations are adhered to,Continuous,CET
Quality Audits,Internal Inspection/Monitoring,Review of Internal Inspection/monitoring,Review of filled checklists to ensure all forms are filled,Continuous,PQ
Quality Audits,Internal Inspection/Monitoring,Review of Internal Inspection/monitoring,Review checklists to confirm approved farmers for external audit,Continuous,PQ
Quality Audits,Way Point & Data Collection,Monitoring,Supervision of data collection,Recurring,CET
Quality Audits,Way Point & Data Collection,Monitoring,Supervision of waypoints collection,Recurring,CET
Quality Audits,Way Point & Data Collection,Monitoring,Supervision of farm mapping,Recurring,CET
Quality Audits,Training,Review of Submitted Training Monitoring Tool,Matching of farmer list to farmers in training monitoring tools and communication of feedbacks,Recurring,CET
Execution,Training,FHs and PCs spot checks,Checking of farmer personal,Continuous,CET
Execution,Training,FHs and PCs spot checks,Checking of waybills,Continuous,CET
Execution,Training,FHs and PCs spot checks,Checking and assessing of PC sheds,Continuous,CET
Quality Audits,Training,FHs and PCs spot checks,Spot checks of farmer personal,Continuous,PQ
Quality Audits,Training,FHs and PCs spot checks,Spot checks of waybills,Continuous,PQ
Quality Audits,Training,FHs and PCs spot checks,Spot checks and assessment of PC sheds,Continuous,PQ
Execution,Training,Training of Farmers,Organization of training,Continuous,CET
Execution,Training,Training of Farmers,Implementation of training initiatives,Continuous,CET
Execution,Training,Training of Farmers,Evaluation of training,Continuous,CET
Execution,Training,Training of Farmers,Revision of training,Continuous,CET
Execution,Training,Monitoring and backstopping of farmer trainings,Supervison of training,Continuous,CET
Execution,Training,Monitoring and backstopping of farmer trainings,Evaluation of training,Continuous,CET
Execution,Training,Monitoring and backstopping of farmer trainings,Backstopping of training,Continuous,CET
Execution,Training,Monitoring and backstopping of farmer trainings,Evaluation of training and issue of recommendations,Continuous,PQ
Execution,Training,Monitoring and backstopping of farmer trainings,Identification of training needs,Continuous,PQ
Execution,Training,Monitoring and backstopping of farmer trainings,Revision of training approach,Continuous,PQ
Execution,Training,Update and Submit Training Monitoring Tool,Assessment of training logs and documentations,Continuous,CET
Execution,Training,Update and Submit Training Monitoring Tool,Entry of training log details in training monitoring tool,Continuous,CET
Quality Audits,Training,Review of Submitted Training Monitoring Tool,Review of completed training monitoring tool,Continuous,CET
Quality Audits,Training,Review of Submitted Training Monitoring Tool,Submission of reviewed files to PQ,Continuous,CET
Quality Audits,Training,Review of Submitted Training Monitoring Tool,"Field review and assesment of training monitoring tool,training logs and other training documentations",Continuous,PQ
Quality Audits,Training,Review of Submitted Training Monitoring Tool,Matching of farmer list to farmers in training monitoring tools and communication of feedbacks to RMs,Continuous,PQ
Execution,Way Point & Data Collection,Waypoints Collection,Synchronisation of data,Continuous,CET
Quality Audits,Way Point & Data Collection,Monitoring,"Supervision of data collection
 
 3. Supervision of farm mapping",Continuous,CET
Quality Audits,Way Point & Data Collection,Monitoring,Supervision of waypoints collection,Continuous,CET
Quality Audits,Way Point & Data Collection,Monitoring,Supervision of farm mapping,Continuous,CET
Quality Audits,Way Point & Data Collection,Monitoring,Evaluation of enumerators and issue of recommendations,Continuous,PQ
Quality Audits,Way Point & Data Collection,Monitoring,Identification of training needs,Continuous,PQ
Quality Audits,Way Point & Data Collection,Monitoring,Revision of data collection approach,Continuous,PQ
Execution,Internal Inspection/Monitoring,Internal monitoring/Internal inspection of all farms,Ascertains how farmer is with the required standards,Continuous,CET
Execution,Internal Inspection/Monitoring,Internal monitoring/Internal inspection of all farms,Ensures checklist is signed by both parties - farmer and inspector,Continuous,CET
Quality Audits,Internal Inspection/Monitoring,Monitoring and Backstopping,Assess checklist information to ensure alignment with farmer register,Continuous,CET
Quality Audits,Internal Inspection/Monitoring,Monitoring and Backstopping,Review checklists to ensure inspector's recommendations are adhered to,Continuous,CET
Quality Audits,Internal Inspection/Monitoring,Monitoring and Backstopping,Review of filled checklists to ensure all forms are filled,Continuous,PQ
Quality Audits,Internal Inspection/Monitoring,Monitoring and Backstopping,Review checklists to confirm approved farmers for external audit,Continuous,PQ
Execution,Pre-Audit,Self Assessment,"Assess internal inspection reports
 
 3. Assess the availability of required documents",Continuous,CET
Execution,Pre-Audit,Self Assessment,Assess the existing administrative and management systems,Continuous,CET
Execution,Pre-Audit,Self Assessment,Assess the availability of required documents,Continuous,CET
Quality Audits,Pre-Audit,Review of Self Assessment,Approval of self assessment,Continuous,CET
Quality Audits,Pre-Audit,Review of Self Assessment,Submission of first level reviewed file to SMS,Continuous,CET
Quality Audits,Pre-Audit,Review of Self Assessment,Review internal inspection reports,Continuous,PQ
Quality Audits,Pre-Audit,Review of Self Assessment,Review the existing administrative and management systems,Continuous,PQ
Quality Audits,Pre-Audit,Review of Self Assessment,Assess the availability of required documentations,Continuous,PQ
Execution,Pre-Audit,Risk Assessment,Identification of group's risk,Continuous,CET
Execution,Pre-Audit,Risk Assessment,Assessment of level of each risk,Continuous,CET
Execution,Pre-Audit,Risk Assessment,Design preventive measures,Continuous,CET
Execution,Pre-Audit,Risk Assessment,Monitoring of preventive measures,Continuous,CET
Execution,Pre-Audit,Risk Assessment,Re-assessment of risk,Continuous,CET
Execution,Training,Training of Farmers,Organization of training,Recurring,CET
Quality Audits,Training,Review of Submitted Training Monitoring Tool,Matching of farmer list to farmers in training monitoring tools and communication of feedbacks to RMs,Recurring,PQ
Quality Audits,Way Point & Data Collection,Monitoring,"Supervision of data collection
 
 3. Supervision of farm mapping",Recurring,CET
Quality Audits,Way Point & Data Collection,Monitoring,Evaluation of enumerators and issue of recommendations,Recurring,PQ
Quality Audits,Way Point & Data Collection,Monitoring,Identification of training needs,Recurring,PQ
Quality Audits,Way Point & Data Collection,Monitoring,Revision of data collection approach,Recurring,PQ
Quality Audits,Pre-Audit,Review of Risk Assessment,Approval of risk assessment,Week specific,CET
Quality Audits,Pre-Audit,Review of Risk Assessment,Submission of first level reviewed file to SMS,Week specific,CET
Quality Audits,Pre-Audit,Review of Risk Assessment,Review risk assessment,Week specific,PQ
Quality Audits,Pre-Audit,Review of Risk Assessment,Review the existing administrative and management systems,Week specific,PQ
Quality Audits,Pre-Audit,Review of Risk Assessment,Assess the availability of required documentations,Week specific,PQ
Execution,Pre-Audit,Identify risk areas based on previous audit or risk assessment,Study of audit report,Week specific,CET
Execution,Pre-Audit,Identify risk areas based on previous audit or risk assessment,Study of group's risk assessment,Week specific,CET
Execution,Pre-Audit,Select societies with high risk,Assessment of all societies,Week specific,CET
Execution,Pre-Audit,Select societies with high risk,Categorization of societies per their risk levels,Week specific,CET
Execution,Pre-Audit,Select societies with high risk,Group risks per their level of severity,Week specific,CET
Execution,Pre-Audit,Identify potential issues in the societies selected,Assessment of all societies,Week specific,CET
Execution,Pre-Audit,Identify potential issues in the societies selected,Categorization of societies per their risk levels,Week specific,CET
Execution,Pre-Audit,Identify potential issues in the societies selected,Group risks per their level of severity,Week specific,CET
Quality Audits,Internal Inspection/Monitoring,Corrective action,Compilation of pictures and documents,Continuous,CET
Quality Audits,Internal Inspection/Monitoring,Corrective action,Review of corrective actions,Continuous,CET
Quality Audits,Internal Inspection/Monitoring,Corrective action,Submission of corrective actions,Continuous,CET
Execution,Pre-Audit,Self Assessment,Assess internal inspection reports,Continuous,CET
Quality Audits,Pre-Audit,Review of Risk Assessment,Approval of risk assessment,Continuous,CET
Quality Audits,Pre-Audit,Review of Risk Assessment,Submission of first level reviewed file to SMS,Continuous,PQ
Quality Audits,Pre-Audit,Review of Risk Assessment,Review risk assessment,Continuous,PQ
Quality Audits,Pre-Audit,Review of Risk Assessment,Review the existing administrative and management systems,Continuous,PQ
Quality Audits,Pre-Audit,Review of Risk Assessment,Assess the availability of required documentations,Continuous,CET
Execution,Pre-Audit,Availing of all documents,"Availing of all required documents;
 - Waybills (primary and secondary)
 - Passbooks
 - Master stock ledger
 - Farmer and PC personal etc",Continuous,PQ
Execution,Pre-Audit,IMS documents Assessment,"Assement of all required documents;
 - Waybills (primary and secondary)
 - Passbooks
 - Master stock ledger
 - Farmer and PC personal etc",Continuous,PQ
Execution,Pre-Audit,Field assessment,Farm inspection,Continuous,PQ
Execution,Pre-Audit,Field assessment,Passbook inspection,Continuous,PQ
Execution,Pre-Audit,Field assessment,Farmer and PC personal inspection,Continuous,PQ
Execution,Pre-Audit,Field assessment,Waybills verification,Continuous,PQ
Execution,Pre-Audit,Field assessment,Farmer interview and premium payment verification,Continuous,CET
Quality Audits,Pre-Audit,Analysis of pre audit results,General performance review,Continuous,CET
Quality Audits,Pre-Audit,Analysis of pre audit results,Root causes of non compliances,Continuous,CET
Quality Audits,Pre-Audit,Analysis of pre audit results,Categorization of non compliances,Continuous,PQ
Quality Audits,Pre-Audit,Analysis of pre audit results,Assessment of district's performace,Continuous,CET
Execution,Pre-Audit,Corrective actions,Execute corrective actions,Continuous,CET
Execution,Pre-Audit,Corrective actions,Collation of corrective actions,Continuous,CET
Execution,Pre-Audit,Corrective actions,First review of corrective actions,Continuous,CET
Quality Audits,Pre-Audit,Monitoring of corrective actions,Supervision of implementation of agreed corrective actions,Continuous,PQ
Quality Audits,Pre-Audit,Monitoring of corrective actions,Evaluation of corrective actions and issue of recommendations,Continuous,PQ
Quality Audits,Pre-Audit,Monitoring of corrective actions,Identification of training needs,Continuous,PQ
Quality Audits,Pre-Audit,Monitoring of corrective actions,Revision of corrective action approach,Continuous,CET
Execution,Audit/Verification Assessment,Availing of actors,Preparation of district teams for audit,Continuous,CET
Execution,Audit/Verification Assessment,Availing of actors,Audit strategy and district evaluation and audit approach,Continuous,CET
Execution,Audit/Verification Assessment,Availing of all documents,Final internal review of documents,Continuous,CET
Execution,Audit/Verification Assessment,Availing of all documents,Document alignment,Continuous,CET
Execution,Execution,Audit/Verification Assessment,Availing of actors,Continuous,CET
Execution,Execution,Audit/Verification Assessment,Document alignment,Continuous,CET
Execution,Pre-Audit,IMS documents Assessment,"Assessment of all required documents;
 - Waybills (primary and secondary)
 - Passbooks
 - Master stock ledger
 - Farmer and PC personal etc",Continuous,PQ
Execution,Audit/Verification Assessment,Rainforest Alliance engagement activities,Attend RA Webinars on policy interpretations,Week specific,PQ
Execution,Audit/Verification Assessment,Rainforest Alliance engagement activities,In person meetings with RA to allign on certification documents,Week specific,PQ
Execution,Audit/Verification Assessment,Certification Audit Application,Online application of certification audit,Continuous,PQ
Execution,Audit/Verification Assessment,CB Engagement activities,Planning of audit resources with CB,Continuous,PQ
Execution,Audit/Verification Assessment,CB Engagement activities,CB data alignment and send of certification related document to CB,Continuous,PQ
Execution,Audit/Verification Assessment,CB Engagement activities,Meeting with CB to agree on audit schedule and strategy,Continuous,PQ
Execution,Training,Training of Trainers (FO),Consultation with expert trainers,Week specific,PQ
Execution,Training,Training of Trainers (FO),Organization of training logistics.,Week specific,PQ
Execution,Training,Training of Trainers (FO),Implementation of training workshops/seminars,Week specific,PQ
Execution,Training,Training of Trainers (FO),Evaluation and review of training,Week specific,PQ
Execution,Audit/Verification Assessment,IMS documents Assessment by CB,IMS auditor (CB) review,Continuous,CET
Execution,Audit/Verification Assessment,Field Assessment by CB,Farmer interview and assessment,Continuous,CET
Execution,Audit/Verification Assessment,Field Assessment by CB,Society review and assessment,Continuous,CET
Execution,Audit/Verification Assessment,Field Assessment by CB,Group review and assessment,Continuous,CET
Execution,Training,Training of Field Trainers,Training needs assessment,Week specific,CET
Execution,Training,Training of Field Trainers,Organization of training.,Week specific,CET
Execution,Training,Training of Field Trainers,Evaluation and review of training,Week specific,CET
Quality Audits,Audit/Verification Assessment,Analysis of audit results,Internal retrospection of audit,Continuous,PQ
Quality Audits,Audit/Verification Assessment,Analysis of audit results,Identification of gaps and next steps,Continuous,PQ
Quality Audits,Audit/Verification Assessment,Analysis of audit results,Recommendations and way forwards,Continuous,PQ
Execution,Audit/Verification Assessment,Corrective actions,Execute corrective actions,Continuous,CET
Execution,Audit/Verification Assessment,Corrective actions,Collation of corrective actions,Continuous,CET
Execution,Audit/Verification Assessment,Corrective actions,First review of corrective actions,Continuous,CET
Execution,Audit/Verification Assessment,Corrective actions,Final review of corrective actions,Continuous,PQ
Execution,Audit/Verification Assessment,Corrective actions,Submission of corrective actions to CBs,Continuous,PQ
Quality Audits,Audit/Verification Assessment,Monitoring of corrective actions,Organisation and planning of resources,Continuous,CET
Quality Audits,Audit/Verification Assessment,Monitoring of corrective actions,Monitoring of field implementation,Continuous,CET
Quality Audits,Audit/Verification Assessment,Monitoring of corrective actions,Review of field implementation,Continuous,PQ
Quality Audits,Audit/Verification Assessment,Monitoring of corrective actions,Issues of recommendation,Continuous,PQ
Quality Audits,Internal Inspection/Monitoring,Review of Internal Inspection/monitoring,Visits the farms,Continuous,CET
Quality Audits,Internal Inspection/Monitoring,Review of Internal Inspection/monitoring,Inspect the whole farm taking note of the farm characteristicts,Continuous,CET
Quality Audits,Internal Inspection/Monitoring,Review of Internal Inspection/monitoring,Ascertains how farmer is with the required standards,Continuous,CET
Quality Audits,Internal Inspection/Monitoring,Review of Internal Inspection/monitoring,Summarizes findings and make recommendations,Continuous,CET
Quality Audits,Internal Inspection/Monitoring,Corrective action,Ensures checklist is signd by both parties - farmer and inspector,Continuous,CET
Quality Audits,Internal Inspection/Monitoring,Corrective action,Review of all internal inspection checklist to ensure compliance,Continuous,CET
Quality Audits,Internal Inspection/Monitoring,Corrective action,Review of filled forms to identify missing and unfilled columns for corrections to be made,Continuous,CET
Execution,Pre-Audit,Self Assessment,Approve farmers who comply with the standard,Continuous,CET
Execution,Pre-Audit,Self Assessment,Sanction farmers who do not comply with standards,Continuous,CET
Execution,Pre-Audit,Self Assessment,Supervison of internal inspection,Continuous,CET
Quality Audits,Pre-Audit,Review of Self Assessment,Evaluation of internal inspectors work,Continuous,CET
Quality Audits,Pre-Audit,Review of Self Assessment,Backstopping of farm inspections,Continuous,CET
Quality Audits,Pre-Audit,Review of Self Assessment,Evaluation of internal inspection and making recommendations,Continuous,PQ
Quality Audits,Pre-Audit,Review of Self Assessment,Identification of training needs,Continuous,PQ
Quality Audits,Pre-Audit,Review of Self Assessment,Revision of training approach,Continuous,PQ
Execution,Pre-Audit,Risk Assessment,Assess checklist information to ensure alignment with farmer register,Continuous,CET
Execution,Pre-Audit,Risk Assessment,Review checklists to ensure inspector's recommendations are adhered to,Continuous,CET
Execution,Pre-Audit,Risk Assessment,Review of filled checklists to ensure all forms are filled,Continuous,PQ
Execution,Pre-Audit,Risk Assessment,Review checklists to confirm approved farmers for external audit,Continuous,PQ
Execution,Pre-Audit,Risk Assessment,Compilation of pictures and documents,Continuous,CET
Quality Audits,Pre-Audit,Review of Risk Assessment,Review of corrective actions,Continuous,CET
Quality Audits,Pre-Audit,Review of Risk Assessment,Submission of corrective actions,Continuous,CET
Quality Audits,Pre-Audit,Review of Risk Assessment,Assess internal inspection reports,Continuous,CET
Quality Audits,Pre-Audit,Review of Risk Assessment,Assess the existing administrative and management systems,Continuous,CET
Quality Audits,Pre-Audit,Review of Risk Assessment,Assess the availability of required documents,Continuous,CET
Execution,Pre-Audit,Availing of all documents,Approval of self assessment,Continuous,CET
Execution,Pre-Audit,IMS documents Assessment,Submission of first level reviewed file to SMS,Continuous,CET
Execution,Pre-Audit,Field assessment,Review internal inspection reports,Continuous,PQ
Execution,Pre-Audit,Field assessment,Review the existing administrative and management systems,Continuous,PQ
Execution,Pre-Audit,Field assessment,Assess the availability of required documentations,Continuous,PQ
Execution,Pre-Audit,Field assessment,Identification of group's risk,Continuous,CET
Execution,Pre-Audit,Field assessment,Assessment of level of each risk,Continuous,CET
Quality Audits,Pre-Audit,Analysis of pre audit results,Design preventive measures,Continuous,CET
Quality Audits,Pre-Audit,Analysis of pre audit results,Monitoring of preventive measures,Continuous,CET
Quality Audits,Pre-Audit,Analysis of pre audit results,Re-assessment of risk,Continuous,CET
Quality Audits,Pre-Audit,Analysis of pre audit results,Approval of risk assessment,Continuous,CET
Execution,Pre-Audit,Corrective actions,Submission of first level reviewed file to SMS,Continuous,CET
Execution,Pre-Audit,Corrective actions,Review risk assessment,Continuous,PQ
Execution,Pre-Audit,Corrective actions,Review the existing administrative and management systems,Continuous,PQ
Quality Audits,Pre-Audit,Monitoring of corrective actions,Assess the availability of required documentations,Continuous,PQ
Quality Audits,Pre-Audit,Monitoring of corrective actions,"Availing of all required documents;
 - Waybills (primary and secondary)
 - Passbooks
 - Master stock ledger
 - Farmer and PC personal etc",Continuous,CET
Quality Audits,Pre-Audit,Monitoring of corrective actions,"Assessment of all required documents;
 - Waybills (primary and secondary)
 - Passbooks
 - Master stock ledger
 - Farmer and PC personal etc",Continuous,PQ
Quality Audits,Pre-Audit,Monitoring of corrective actions,Farm inspection,Continuous,PQ
Execution,Audit/Verification Assessment,Availing of actors,Passbook inspection,Continuous,PQ
Execution,Audit/Verification Assessment,Availing of actors,Farmer and PC personal inspection,Continuous,PQ
Execution,Audit/Verification Assessment,Availing of all documents,Waybills verification,Continuous,PQ
Execution,Audit/Verification Assessment,Availing of all documents,Farmer interview and premium payment verification,Continuous,PQ
Execution,Audit/Verification Assessment,Certification Audit Application,General performance review,Continuous,CET
Execution,Audit/Verification Assessment,CB Engagement activities,Root causes of non compliances,Continuous,CET
Execution,Audit/Verification Assessment,CB Engagement activities,Categorization of non compliances,Continuous,CET
Execution,Audit/Verification Assessment,CB Engagement activities,Assessment of district's performace,Continuous,PQ
Execution,Audit/Verification Assessment,IMS documents Assessment by CB,Execute corrective actions,Continuous,CET
Execution,Audit/Verification Assessment,Field Assessment by CB,Collation of corrective actions,Continuous,CET
Execution,Audit/Verification Assessment,Field Assessment by CB,First review of corrective actions,Continuous,CET
Execution,Audit/Verification Assessment,Field Assessment by CB,Supervision of implementation of agreed corrective actions,Continuous,CET
Quality Audits,Audit/Verification Assessment,Analysis of audit results,Evaluation of corrective actions and issue of recommendations,Continuous,PQ
Quality Audits,Audit/Verification Assessment,Analysis of audit results,Identification of training needs,Continuous,PQ
Quality Audits,Audit/Verification Assessment,Analysis of audit results,Revision of corrective action approach,Continuous,PQ
Execution,Audit/Verification Assessment,Corrective actions,Preparation of district teams for audit,Continuous,CET
Execution,Audit/Verification Assessment,Corrective actions,Audit strategy and district evaluation and audit approach,Continuous,CET
Execution,Audit/Verification Assessment,Corrective actions,Final internal review of documents,Continuous,CET
Execution,Audit/Verification Assessment,Corrective actions,Document alignment,Continuous,CET
Execution,Audit/Verification Assessment,Corrective actions,Online application of certification audit,Continuous,PQ
Quality Audits,Audit/Verification Assessment,Monitoring of corrective actions,Planning of audit resources with CB,Continuous,PQ
Quality Audits,Audit/Verification Assessment,Monitoring of corrective actions,CB data alignment and send of certification related document to CB,Continuous,PQ
Quality Audits,Audit/Verification Assessment,Monitoring of corrective actions,Meeting with CB to agree on audit schedule and strategy,Continuous,PQ
Quality Audits,Audit/Verification Assessment,Monitoring of corrective actions,IMS auditor (CB) review,Continuous,CET
Quality Audits,Audit/Verification Assessment,Monitoring of corrective actions,Farmer interview and assessment,Continuous,CET
Quality Audits,Audit/Verification Assessment,Monitoring of corrective actions,Society review and assessment,Continuous,CET
Quality Audits,Audit/Verification Assessment,Monitoring of corrective actions,Group review and assessment,Continuous,CET
Quality Audits,Audit/Verification Assessment,Monitoring of corrective actions,Internal retrospection of audit,Continuous,PQ
Quality Audits,Audit/Verification Assessment,Monitoring of corrective actions,Identification of gaps and next steps,Continuous,PQ
Quality Audits,Audit/Verification Assessment,Monitoring of corrective actions,Recommendations and way forwards,Continuous,PQ
Quality Audits,Audit/Verification Assessment,Monitoring of corrective actions,Execute corrective actions,Continuous,CET
Quality Audits,Audit/Verification Assessment,Monitoring of corrective actions,Collation of corrective actions,Continuous,CET
Quality Audits,Audit/Verification Assessment,Monitoring of corrective actions,First review of corrective actions,Continuous,CET
Quality Audits,Audit/Verification Assessment,Monitoring of corrective actions,Final review of corrective actions,Continuous,PQ
Quality Audits,Audit/Verification Assessment,Monitoring of corrective actions,Submission of corrective actions to CBs,Continuous,PQ
Quality Audits,Way Point & Data Collection,Data Analysis,Defining purpose of the data analysis,Week specific,PQ
Quality Audits,Way Point & Data Collection,Data Analysis,Data Cleansing,Week specific,PQ
Quality Audits,Way Point & Data Collection,Data Analysis,Data analysis,Week specific,PQ
