username,name,team
rm1@ecomtrading.com,RM 1,PQ
rm2@ecomtrading.com,RM 2,PQ
rm3@ecomtrading.com,RM 3,PQ
rm4@ecomtrading.com,RM 4,PQ
rm5@ecomtrading.com,RM 5,PQ
rm6@ecomtrading.com,RM 6,PQ
rm7@ecomtrading.com,RM 7,PQ
rm8@ecomtrading.com,RM 8,PQ
rm9@ecomtrading.com,RM 9,PQ
rm10@ecomtrading.com,RM 10,PQ
rm11@ecomtrading.com,RM 11,CET
rm12@ecomtrading.com,RM 12,CET
rm13@ecomtrading.com,RM 13,CET
rm14@ecomtrading.com,RM 14,CET
rm15@ecomtrading.com,RM 15,CET
rm16@ecomtrading.com,RM 16,CET
rm17@ecomtrading.com,RM 17,CET
rm18@ecomtrading.com,RM 18,CET
rm19@ecomtrading.com,RM 19,CET
rm20@ecomtrading.com,RM 20,CET
rm21@ecomtrading.com,RM 21,CET
rm22@ecomtrading.com,RM 22,CET
rm23@ecomtrading.com,RM 23,CET
cetpq_rm@ecomtrading.com,Test RM,PQ
ferdinand.che@ecomtrading.com,Ferdinand Che,PQ
